Workbook

Sheet Menu_&_Inventory
A1: - The Laddu Story -
A2: Homemade healthy snacks: Ancient Indian traditions and superfoods | Contact: 9343207515
A3: Laddus are made using pure cow ghee and unrefined jaggery powder as sweetener (Minimum order quantity- 500gms)
A5: # | B5: Item | C5: Category | D5: Official Price | E5: Opening Stock (Packs) | F5: Packs Sold (=SUMIF) | G5: Current Stock | H5: Min Threshold | I5: Reorder Alert
A6: 01 | B6: Ragi Walnut Laddu | C6: LADDU | D6: ₹1,200 / Kg (Min 500g: ₹600) | E6: 50 | F6: =SUMIF(Orders!G:G, "Ragi Walnut Laddu", Orders!I:I) | G6: =E6 - F6 | H6: 10 | I6: =IF(G6<=H6, "⚠️ REORDER NOW", "✅ HEALTHY")
A7: 02 | B7: Till Laddu (Black Sesame) | C7: LADDU | D7: ₹1,000 / Kg (Min 500g: ₹500) | E7: 50 | F7: =SUMIF(Orders!G:G, "Till Laddu (Black Sesame)", Orders!I:I) | G7: =E7 - F7 | H7: 10 | I7: =IF(G7<=H7, "⚠️ REORDER NOW", "✅ HEALTHY")
A8: 03 | B8: Sattu Almond Laddu | C8: LADDU | D8: ₹1,100 / Kg (Min 500g: ₹550) | E8: 50 | F8: =SUMIF(Orders!G:G, "Sattu Almond Laddu", Orders!I:I) | G8: =E8 - F8 | H8: 10 | I8: =IF(G8<=H8, "⚠️ REORDER NOW", "✅ HEALTHY")
A9: 04 | B9: Groundnut Laddu | C9: LADDU | D9: ₹800 / Kg (Min 500g: ₹400) | E9: 50 | F9: =SUMIF(Orders!G:G, "Groundnut Laddu", Orders!I:I) | G9: =E9 - F9 | H9: 10 | I9: =IF(G9<=H9, "⚠️ REORDER NOW", "✅ HEALTHY")
A10: 05 | B10: Quinoa Moong Dal Laddu | C10: LADDU | D10: ₹1,250 / Kg (Min 500g: ₹625) | E10: 50 | F10: =SUMIF(Orders!G:G, "Quinoa Moong Dal Laddu", Orders!I:I) | G10: =E10 - F10 | H10: 10 | I10: =IF(G10<=H10, "⚠️ REORDER NOW", "✅ HEALTHY")
A11: 06 | B11: Methi (fenugreek) Laddu | C11: LADDU | D11: ₹1,250 / Kg (Min 500g: ₹625) | E11: 50 | F11: =SUMIF(Orders!G:G, "Methi (fenugreek) Laddu", Orders!I:I) | G11: =E11 - F11 | H11: 10 | I11: =IF(G11<=H11, "⚠️ REORDER NOW", "✅ HEALTHY")
A12: 07 | B12: Dates & Dry Fruits Bites | C12: LADDU | D12: ₹1,900 / Kg (Min 500g: ₹950) | E12: 50 | F12: =SUMIF(Orders!G:G, "Dates & Dry Fruits Bites", Orders!I:I) | G12: =E12 - F12 | H12: 10 | I12: =IF(G12<=H12, "⚠️ REORDER NOW", "✅ HEALTHY")
A13: 08 | B13: Post Delivery Panjeeri / Laddu | C13: LADDU | D13: ₹1,800 / Kg (Min 500g: ₹900) | E13: 50 | F13: =SUMIF(Orders!G:G, "Post Delivery Panjeeri / Laddu", Orders!I:I) | G13: =E13 - F13 | H13: 10 | I13: =IF(G13<=H13, "⚠️ REORDER NOW", "✅ HEALTHY")
A14: 09 | B14: Jawar Panjeeri / Laddu | C14: LADDU | D14: ₹1,900 / Kg (Min 500g: ₹950) | E14: 50 | F14: =SUMIF(Orders!G:G, "Jawar Panjeeri / Laddu", Orders!I:I) | G14: =E14 - F14 | H14: 10 | I14: =IF(G14<=H14, "⚠️ REORDER NOW", "✅ HEALTHY")
A15: 10 | B15: Savory Munchies (Makhana) | C15: SAVORY | D15: Roasted Makhana (₹275/100g) | E15: 50 | F15: =SUMIF(Orders!G:G, "Savory Munchies (Makhana)", Orders!I:I) | G15: =E15 - F15 | H15: 10 | I15: =IF(G15<=H15, "⚠️ REORDER NOW", "✅ HEALTHY")
A16: 11 | B16: Savory Munchies (Murmura) | C16: SAVORY | D16: Millet Mudi Mix (₹200/200g) | E16: 50 | F16: =SUMIF(Orders!G:G, "Savory Munchies (Murmura)", Orders!I:I) | G16: =E16 - F16 | H16: 10 | I16: =IF(G16<=H16, "⚠️ REORDER NOW", "✅ HEALTHY")

Sheet Orders
A1: OrderID | B1: Timestamp | C1: Channel | D1: CustomerName | E1: CustomerPhone | F1: SKU | G1: ItemName | H1: PackWeight | I1: Quantity | J1: UnitAmount | K1: TotalAmount | L1: PaymentMethod | M1: PaymentStatus | N1: OrderStatus | O1: DeliveryAddress | P1: Notes
A2: TLS-20261010-1001 | B2: 2026-10-10 10:15:00 | C2: ONLINE_WEB_APP | D2: Priya Sharma | E2: +91 98450 12345 | F2: RAGI-WALNUT | G2: Ragi Walnut Laddu | H2: 1 Kg | I2: 1 | J2: 1200 | K2: 1200 | L2: UPI | M2: PAID | N2: DELIVERED | O2: HSR Layout, Bangalore | P2: Pure Ghee regular
A3: TLS-20261010-1002 | B3: 2026-10-10 11:30:00 | C3: WHATSAPP | D3: Arun Kumar | E3: +91 99001 88776 | F3: POST-DELIVERY-PANJEERI | G3: Post Delivery Panjeeri / Laddu | H3: 500g | I3: 2 | J3: 900 | K3: 1800 | L3: UPI | M3: PAID | N3: PACKED | O3: Indiranagar, Bangalore | P3: Postpartum healing batch
A4: TLS-20261010-1003 | B4: 2026-10-10 12:05:00 | C4: WALK_IN | D4: Meera Nambiar | E4: +91 93432 07515 | F4: SAVORY-MAKHANA | G4: Savory Munchies (Makhana) | H4: 100g | I4: 2 | J4: 275 | K4: 550 | L4: CASH | M4: PAID | N4: DELIVERED | O4: Store Counter | P4: Tea-time snack
